{
  "description": {
    "title": "LEYLIANE LIMA STORE",
    "text": "O MELHOR PRÉ TREINO É UM LOOK NOVO"
  },
  "links_1": {
    "list_pages": true,
    "title": "CONHEÇA-NOS",
    "list": []
  },
  "links_2": {
    "list_categories": true,
    "title": "CATEGORIAS",
    "list": []
  },
  "contacts": {
    "title": "REDES SOCIAIS",
    "phone_wpp": false,
    "socials": true,
    "email": false,
    "address": true
  },
  "stamps": [
    {
      "src": "/img/uploads/bbbb.png",
      "alt": "",
      "link": ""
    }
  ],
  "payment_methods": {
    "bb": true,
    "visa": true,
    "boleto": true,
    "aura": false,
    "banrisul": false,
    "elo": true,
    "hipercard": true,
    "hsbc": false,
    "bradesco": true,
    "santander": true,
    "mastercard": true,
    "citibank": false,
    "hiper": false,
    "diners": false,
    "mais": false,
    "pix": true,
    "amex": true,
    "itau": false
  },
  "credits": ""
}