{
  "meta_title": "",
  "meta_description": "",
  "sections": [
    {
      "type": "banner-slider",
      "autoplay": 5000,
      "full_width": false,
      "slides": [
        {
          "start": "",
          "end": "",
          "img": "/img/uploads/20bbb1f3-758e-4ee4-a651-c5cfc4fb5ab6.png"
        },
        {
          "start": "",
          "end": "",
          "img": "/img/uploads/63374faf-89f1-4d69-bb0e-17cddeead86e.png",
          "mobile_img": "/img/uploads/63374faf-89f1-4d69-bb0e-17cddeead86e.png"
        },
        {
          "start": "",
          "end": "",
          "img": "/img/uploads/87914cb9-ba93-403a-af69-edd11f40af62.png",
          "mobile_img": "/img/uploads/87914cb9-ba93-403a-af69-edd11f40af62.png"
        },
        {
          "start": "",
          "end": "",
          "img": "/img/uploads/eb685024-bb4e-4acd-b0e4-ad32a670a1f4.png"
        }
      ]
    },
    {
      "type": "info-bar",
      "enabled": true
    },
    {
      "type": "collection-shelf",
      "shuffle": false,
      "limit": 10,
      "page": 1,
      "collection_id": "6397e49573321213f8128116:collections:COLEÇÃO FOR MAN:/colecao",
      "title": "COLEÇÃO FOR MAN",
      "sort": "slug"
    },
    {
      "type": "banner-slider",
      "autoplay": 9000,
      "full_width": false,
      "slides": [
        {
          "start": "",
          "end": "",
          "img": "/img/uploads/cf099031-2e90-46a6-913a-5d9ea3b647b2.png"
        }
      ]
    },
    {
      "type": "collection-shelf",
      "shuffle": false,
      "limit": 15,
      "page": 1,
      "collection_id": "638a130473321213f8008329:collections:EXCLUSIVITY:/exclusivity",
      "sort": "slug",
      "title": "COLEÇÃO EXCLUSIVITY "
    },
    {
      "type": "banner-slider",
      "autoplay": 9000,
      "full_width": false,
      "slides": [
        {
          "start": "2022-12-02T18:40:48.086Z",
          "end": "2023-07-01T18:40:40.145Z",
          "img": "/img/uploads/5c47c7e3-c449-4606-a4c3-b90e56932d5d.png"
        }
      ]
    },
    {
      "type": "collection-shelf",
      "shuffle": true,
      "limit": 10,
      "page": 1,
      "collection_id": "6387a31c73321213f8fc0ddc:categories:Conjuntos:/conjuntos",
      "sort": null,
      "title": "CONJUNTOS "
    },
    {
      "type": "banner-slider",
      "autoplay": 9000,
      "full_width": false,
      "slides": [
        {
          "start": "",
          "end": "",
          "img": "/img/uploads/a840634b-f717-4313-bbf6-50f365a48b61.png"
        }
      ]
    },
    {
      "type": "collection-shelf",
      "shuffle": true,
      "limit": 8,
      "page": 1,
      "collection_id": "6387a2af73321213f8fc0be2:categories:Calças Femininas:/calcas-femininas",
      "sort": null,
      "title": "CALÇAS FEMININAS"
    },
    {
      "type": "banner-slider",
      "autoplay": 9000,
      "full_width": false,
      "slides": [
        {
          "start": "",
          "end": "",
          "img": "/img/uploads/fa23a252-d36b-4568-8d3d-1aba8fe6414c.jpeg"
        }
      ]
    },
    {
      "type": "collection-shelf",
      "shuffle": false,
      "limit": 8,
      "page": 1,
      "collection_id": "6387a39f73321213f8fc104d:categories:Tops:/tops",
      "sort": "slug",
      "title": "TOPS"
    },
    {
      "type": "banner-slider",
      "autoplay": 4000,
      "full_width": false,
      "slides": [
        {
          "start": "2022-12-02T18:55:38.563Z",
          "end": "2023-07-07T03:00:00.000Z",
          "img": "/img/uploads/d8f4a6dd-1ef4-4be1-ae69-cddf1bc2987c.jpeg"
        }
      ]
    }
  ]
}